4edb:0005	dos_crit_handler_install	Install (arg!=0) or restore (arg==0) the INT 24h critical-error handler that just records the error in g_io_error (pascal)
4edb:005a	dos_crit_handler	INT 24h handler: g_io_error = DI+1, return AL=0 (ignore)
4edb:006c	ealib_init	Set archive search tables (max entries, library table, library count, name->library map, map count), get current dir and floppy count, allocate the directory buffer (n*18 bytes); returns 1 (pascal)
4edb:00f2	ealib_shutdown	Free the directory buffer and close the open archive (no direct callers found)
4edb:0120	ealib_load_near	ealib_load into a new near-heap block (pascal name,size*) (no direct callers found)
4edb:013a	ealib_load_far	ealib_load into a new far-heap block; returns far ptr or NULL (pascal name,size*)
4edb:0154	ealib_load	Load a named resource: find it in the EALIB archives (stored or LZSS method 1, <64K) else as a plain DOS file; mode 0xFF/1/0 = caller buffer/far/near; *size_out = size
4edb:0423	pxpk_load	Load a PXPK picture (archive method 3) into bitmap bm (allocating a planar surface if bm.seg==0, else sizes must match); depth 0x100 -> 8bpp, 0x10 -> 4bpp; returns 1 on success (pascal name,bm*)
4edb:0665	ealib_find	Locate a name: search the open archive, then the archive given by the name map, then every not-yet-searched archive in table order; leaves that archive open; returns dir index or -1 (near)
4edb:0759	ealib_open_lib	Open archive n (optional drive prefix, else retry on floppy drives A: onward), check 'EALIB', read count and the (count+1)*18-byte directory; returns 0 or -1
4edb:09d0	ealib_close	Close the currently open archive and forget its directory; returns -1 if a critical error was recorded
4edb:0a05	ealib_dir_lookup	Case-insensitive search of the open archive's directory; returns entry index or -1 (near)
4edb:0a4b	ealib_map_lookup	Match a name against the name->library map (entries '*.ext' match by suffix); returns library index or -1 (near)
4edb:0ac6	ealib_lib_index	Find a library-table entry by file name; returns index or -1 (near)
4edb:0b0d	ealib_find_first	Iterate the open archive directory from the start for names matching '*.ext'; copies the name out; returns 1 if found (no direct callers found)
4edb:0b8f	ealib_find_next	Continue ealib_find_first (no direct callers found)
4edb:0c0c	str_match_suffix	Compare the tail of a name with a '*.ext' pattern, case-insensitive (near)
4edb:0c7a	lzss_decode_to_mem	LZSS-decode a file stream (4K ring of spaces, start 0xFEE) into a far buffer until n bytes are produced (near)
4edb:0d3c	lzss_read_byte	Return the next compressed byte from the 1K read buffer, refilling from the file; CF on EOF/error (near)
4edb:0d68	lzss_fill_buffer	Read up to 0x400 bytes of the archive file into the read buffer; records DOS errors in g_io_error (near)
4edb:0db4	lzss_put_mem	Store one decoded byte into the far output buffer (huge-pointer increment); CF when the requested size is reached (near)
4edb:0dec	pxpk_decode	LZSS-decode PXPK pixel data into a stack row buffer (row stride from the file) and hand each full row to a depth-specific writer (near)
4edb:0ef0	pxpk_decode_copyloop	Fragment of pxpk_decode split off by Ghidra: back-reference copy loop (length = low nibble + 3) and the exit jump (near)
4edb:0f2b	pxpk_decode_epilogue	Fragment of pxpk_decode split off by Ghidra: dead VGA register-restore block (skipped by a jump) and release of the stack row buffer (near)
4edb:0f44	pxpk_put_byte	Append a decoded byte to the row buffer; when the row is full call the row writer and reset; CF when all bytes are produced (near)
4edb:0fd2	pxpk_row_8bpp	Write one 8bpp row to a planar (Mode-X) surface: plane p gets pixels p, p+4, ...; then advance the destination (row table if bm.flags bit0) (near)
4edb:100b	pxpk_row_8bpp_tail	Ghidra split: tail of pxpk_row_8bpp (plane loop end, destination advance) running into the start of pxpk_row_4bpp (near)
4edb:1046	pxpk_row_4bpp	Write one 4bpp row (high nibble = left pixel) to a planar surface as palette indices 0..15 (near)
4edb:10d2	pxpk_build_nibble_table	Build a 256-entry nibble-pair translation table on the stack (dead code; only reachable through the skipped block in pxpk_decode) (near)
4edb:1106	far_strcmp	Case-sensitive far string compare (pascal)
4edb:1132	far_stricmp	Case-insensitive (ASCII) far string compare (pascal)
4edb:117a	bios_floppy_count	INT 11h: number of floppy drives (0 if none) (near)
4edb:1191	dos_get_cwd	Write the current drive and directory as 'X:\dir\' into a buffer (INT 21h 19h/47h) (near)
